id,x,y,z
120,-0.72547,-1.35158,4.39308
294,-1.62065,-1.49878,4.9649
585,-1.56423,-1.23199,4.70311
601,-0.896045,-1.67664,4.17054
841,0.0302187,-1.4428,4.96662
1129,-1.18171,0.198106,4.36238
1208,-1.97648,-0.279798,4.47097
1493,-2.07943,1.23458,4.70444
1713,-1.82113,0.0703871,3.61791
1875,-1.28837,-0.613733,4.12087
2034,-1.52995,-0.718195,1.26912
2306,-0.794734,-1.38262,0.548482
2508,0.955414,-2.97883,-0.962947
2631,-0.900423,-3.46959,-0.609813
2881,-0.649116,-0.991839,-1.31701
3199,-0.125669,0.672644,-1.49372
3222,-0.785238,3.3011,-1.30545
3574,-0.509377,2.83595,-1.8995
3608,-0.949601,2.68768,-0.733873
3905,-0.579819,1.94884,-0.629784
4065,-0.318467,0.830679,-0.166884
4270,-0.0696401,-0.637317,0.413477
4404,-0.0794834,-1.45004,1.60742
4744,-0.862149,-1.56332,2.18889
4872,-1.52543,-0.878091,0.180283
5009,-1.66919,-1.64799,-1.25979
5314,-1.03797,-1.67261,-1.94978
5497,-3.53695,-1.5384,-1.52402
5699,-2.93442,-1.57434,-2.01952
5883,-2.78951,-0.572169,-1.61519
6061,-2.02633,-0.331937,-2.81525
6221,-2.71723,-1.24249,-2.63789
6543,-1.23493,-1.57796,-1.21389
6729,-0.328276,-1.29869,-2.41681
6953,-0.606267,-2.0842,-2.71393
7190,-0.887285,-1.78048,-2.59142
7296,-0.368246,-0.703014,-0.907987
7520,-0.00160124,-0.748419,0.32737
7639,-0.372237,-1.1816,-0.0744485
7958,-1.53929,-1.61686,-1.32334
8014,-2.20199,-0.956037,-1.62692
8342,-0.747534,-1.07561,-1.3942
8509,-0.828195,-1.90781,-3.52869
8640,-1.61642,-1.62891,-4.55272
8910,-2.14869,-0.759457,-4.64688
9183,-1.55284,-0.815184,-4.99826
9338,-0.920436,-0.830356,-4.54157
9555,-0.906598,-1.06892,-3.59061
9796,-0.639531,-0.627324,-1.5153
9938,-0.999955,1.12571,-1.36175
10132,-0.994873,1.54818,-1.66538
10331,-0.198121,2.72289,-1.61902
10434,-1.33607,1.45891,-0.65221
10781,-1.97457,0.964275,-0.912011
10812,-0.71582,1.42445,-1.54201
11130,-2.6815,1.73014,-1.50262
11229,-2.84224,-0.103757,-1.9835
11416,-1.48025,-0.297125,-1.35664
11645,-1.64391,0.447394,-0.572167
11964,-0.102421,-0.708566,-1.84898
12146,-0.530845,0.265824,-1.60375
12267,-2.12776,-0.310365,-0.871373
12484,-2.2261,-1.46704,-0.581905
12722,-1.41347,-2.26878,-0.697646
12947,-1.28877,-2.48068,-1.34459
13104,-0.874699,-3.91482,-0.382222
13328,-0.822259,-3.5294,-0.603035
13534,-1.52278,-3.05928,-0.534298
13621,-2.85814,-1.8137,-1.34574
13858,-2.16915,-2.54566,-2.0458
14008,-1.88527,-2.47337,-0.805505
14388,-1.30392,-0.708946,-0.707177
14526,-2.15536,-1.33221,0.368866
14651,-2.18109,-0.133382,-0.930682
14837,-2.90909,-0.885488,-0.161908
15117,-2.51353,-0.943409,-0.72764
15361,-0.83605,-1.44822,-2.11022
15587,-0.222955,-0.619716,-0.533236
15628,-0.64377,0.212948,-0.386114
15955,-0.145878,1.0281,0.89009
16059,-0.924955,1.46083,-0.0840208
16235,-0.733682,0.738519,1.46053
16436,-0.691652,0.0274947,3.31176
16792,0.314038,-0.744629,1.654
16973,-0.295722,-1.29885,0.948354
17023,-0.644739,-1.6277,1.41454
17333,-0.519771,-2.17104,0.756162
17547,-0.610124,-1.55718,-0.829294
17653,0.765104,-1.63992,-1.42807
17974,0.903254,-0.0656354,-0.222154
18019,0.43146,-0.197246,-0.968315
18238,-0.208184,-0.876979,-0.749696
18431,0.280884,-0.547102,-0.279234
18655,-1.37108,-2.10946,-0.793352
18904,-2.28068,-1.67117,-2.79774
19152,-1.38887,-0.687888,-2.08184
19246,-0.401665,-1.21824,-1.61534
19562,-0.817227,-1.44202,-2.11683
19725,-0.811063,-1.02826,-2.39678
19815,0.341111,-0.701162,-1.32568
20198,-0.942258,-0.291774,-0.508379
20219,-1.57243,0.327323,-0.946989
20523,-0.803222,-0.142861,-0.664376
20612,-0.850691,-1.02659,-1.72707
20949,-1.30384,-1.2311,-1.56691
21081,-0.682196,-1.03222,-0.269728
21371,-0.187664,-1.45409,-1.65814
21483,-1.85586,-0.855333,-1.59743
21657,-1.67699,-1.42575,-2.63471
21987,-2.20483,-0.734394,-1.34706
22153,-1.51622,-0.738689,-2.99894
22271,-1.46651,-1.46241,-3.37744
22477,-0.884873,-1.33976,-2.13871
22681,-0.340162,-2.00717,-0.728642
22931,-0.16997,-1.90663,0.176199
23187,-1.20861,-2.13497,-1.04252
23291,-1.53053,-3.24069,-0.814361
23462,-1.28754,-2.62366,-0.117474
23684,-1.3117,-2.50378,0.899075
23806,-1.65595,-1.22829,-0.0309138
24042,-2.40406,-0.274957,-0.0136412
24393,-1.5642,-0.861126,0.301324
24525,-1.92892,-0.0426572,-0.820163
24746,-2.11312,0.284114,-1.49729
24886,-1.56799,0.46515,-0.679558
25129,-1.44578,1.02412,-1.36662
25325,-0.633394,-0.010443,-0.820708
25408,-1.50363,-0.26494,-1.30346
25658,-1.33909,-0.583977,-0.944498
25868,-2.40065,-1.34303,-1.27172
26155,-2.54245,-0.228628,-1.43701
26303,-2.20023,-0.652954,-1.54194
26476,-0.792462,-2.31589,-0.882336
26616,-0.832876,-2.07157,0.0936563
26809,-0.291599,-1.53815,-0.265689
27055,0.474486,-1.39684,-0.821492
27399,-0.909079,-1.42827,-0.587308
27468,-1.48104,-1.90787,0.272794
27756,-0.287758,-0.85874,-0.912895
27846,-0.0325402,-0.752592,-0.661296
28117,-0.334917,-0.679457,-0.652964
28211,-0.53132,-1.403,-0.655097
28421,-1.31359,-0.862676,-1.87918
28602,-0.91365,0.27711,-1.46285
28969,-1.47386,0.621083,-0.126244
29072,-1.528,-0.201003,-0.220953
29201,-1.61899,-0.0858267,-1.22896
29485,-1.51366,-0.259861,-1.65307
29748,-1.00844,-0.666255,-2.38485
29983,-0.639847,-1.09737,-1.43977
30080,-0.195082,-1.58789,-0.270871
30277,-0.932414,-1.57316,0.201737
30471,-1.89603,-0.897908,0.852689
30699,-1.513,-0.847175,0.427754
30846,-1.88837,-0.382516,1.3345
31034,-1.65637,-1.72384,0.843961
31352,-0.949756,-0.792016,0.777949
31493,-0.813087,-1.44292,0.360785
31632,-0.845744,-0.885006,-0.0816476
31834,-1.24427,-1.96308,-1.95295
32074,-0.114115,-1.42697,-1.52842
32400,0.378215,-1.57702,-0.900443
32545,-0.563718,-0.948684,-1.33844
32652,-1.22942,-1.02638,0.451392
32908,-2.59931,-1.44009,-0.298627
33089,-0.37969,-1.27169,-1.46416
33394,-1.04505,-0.635271,-1.49011
33485,-1.48625,-2.03297,-0.604132
33692,-0.202473,-0.646206,-0.998085
33979,-0.497645,-0.669474,-0.199759
34170,-1.82783,-1.87107,-1.19418
34343,-1.42701,-2.55657,-1.37723
34508,-1.32115,-3.12315,-1.89187
34630,-0.919304,-3.1335,-1.54691
34902,-1.51171,-2.3898,-1.66169
35142,-1.39147,-3.97739,-0.976849
35264,-0.744555,-2.27157,-1.38119
35577,-1.27439,-3.43569,-1.63076
35607,-1.00123,-2.9028,-1.45656
35962,-2.0574,-2.85656,-0.237021
36077,-0.573527,-1.71507,-0.829538
36296,-0.565312,-0.944523,-1.13805
36537,0.694219,-1.60113,-1.71591
36629,-1.48595,-0.821464,-0.505622
36827,-2.59795,-0.735671,-0.50087
37173,-2.62904,-0.916923,-0.76742
37306,-2.07359,-0.695314,-1.65472
37526,-0.89099,-0.165616,-1.98241
37601,-0.710692,0.271079,-1.29476
37896,-1.48881,-0.162657,0.0848728
38170,-1.40414,-1.00769,-0.734862
38208,-0.212601,-0.712276,-1.93513
38483,-2.12677,-1.50286,-0.663611
38738,-0.99696,-1.04042,-1.2221
38820,-0.0969087,-0.222615,0.82835
39161,-0.951538,-0.846558,-1.22831
39287,-0.82496,-1.62721,-1.88795
39567,-1.67172,-2.07064,-0.952575
39662,-0.11653,-2.46946,-1.54465
39929,-0.192001,-0.884965,-0.938282
40140,-1.87701,-0.222391,-1.03533
40315,-0.789084,-1.06965,-1.50598
40472,-0.273859,-1.10527,-0.790448
40737,-0.686702,-0.875207,-0.42256
40907,0.390952,-1.27705,-0.983972
41101,-0.827284,-2.16359,-0.23546
41334,-1.57262,-2.53377,-0.119505
41588,-1.00943,-1.34732,-0.653865
41739,-1.40615,-0.578655,-2.1056
41908,-1.38641,0.509456,-0.987769
42025,-1.29204,0.451856,-1.0049
42303,-0.668426,-0.262154,-0.961609
42495,-2.64222,-0.376255,-1.61695
42704,-1.53735,-0.61423,-0.663126
42925,-2.64865,-0.464892,-0.927533
43028,-1.54945,0.439922,-0.875656
43244,-1.3731,1.40759,-0.600605
43447,-1.4992,0.18144,0.510976
43716,-1.45103,-0.587188,0.426212
43935,-1.16681,-1.12266,-0.496461
44012,-0.799853,-1.53635,-0.816791
44295,-1.42231,-0.78068,-0.767274
44438,-1.33159,-1.20541,-1.4827
44693,-0.787785,-0.261204,-2.16799
44996,-1.90433,-0.383654,-0.68158
45080,-1.24348,-0.707389,-0.738518
45399,-2.99184,-0.721435,-1.62219
45466,-1.43398,0.417771,-0.554929
45686,-0.0623088,-0.308793,-1.58321
45933,-0.112781,-0.605537,-0.61271
46154,-0.60748,-0.671011,-1.30469
46293,-1.24106,-0.438937,-1.42507
46594,0.0411145,-0.568915,-0.985154
46681,0.163278,-0.0207598,0.392574
46894,-0.932804,-0.0252297,-0.88486
47150,-0.642452,0.336371,-0.0866271
47324,-1.53816,0.13299,-0.781892
47485,-1.65233,-0.0518945,-1.32404
47773,-1.04397,-1.2635,-0.678676
47921,-1.27991,-0.66387,-0.783804
48108,-0.604766,-0.635013,-1.39884
48389,-0.483568,-1.3083,-0.774871
48414,-0.71772,-0.626038,-1.6081
48645,-2.09526,-0.633372,0.00914817
48884,-0.984801,-1.32677,-0.567153
49131,-2.04935,-1.64887,-0.803125
49232,-2.36996,-2.21486,-0.783773
49428,-2.05493,-1.07371,-1.34783
49780,-2.06417,-1.07704,-0.106214
49914,-1.42289,-0.870244,0.450738
50172,-0.726256,-0.24089,1.16193
50282,-0.298423,-1.52978,-0.100663
50454,-0.771546,-1.14827,-0.711553
50611,-2.40721,-1.84082,-0.789854
50909,-2.49465,-1.8512,-1.12755
51115,-0.656995,-1.56485,-0.964304
51336,-0.0484845,-0.93633,-0.999377
51558,-1.59267,-2.06875,-0.724769
51798,-2.2067,-1.27439,-0.691124
51994,-1.966,-1.76252,-0.833962
52132,-2.02059,-1.50333,0.497737
52378,-1.812,-0.972432,0.72954
52445,-0.792996,-0.564975,-1.46265
52743,-0.542364,-1.976,-1.27472
52886,-0.228999,-1.90499,-1.05108
53174,-0.516521,0.216548,-1.53842
53311,-0.606195,-0.76465,-1.39476
53582,-1.33777,-0.665085,-1.00405
53659,-0.745195,-0.736773,-1.50053
53938,-1.49047,-0.275827,-1.42905
54194,-0.713361,0.392433,-0.361646
54369,-1.21375,-0.0157335,-0.102989
54447,-1.27088,-1.51853,1.72086
54701,-1.20842,-0.523696,0.447585
54881,1.77306,0.392946,-0.567209
55147,2.76335,-1.05482,-0.811071
55377,1.93695,-1.27721,-0.25033
55553,1.9646,-0.731868,-0.749649
55673,0.180817,-0.122162,-0.587312
55882,-0.806049,0.00171681,-0.794037
56140,-0.695482,0.407387,-0.0173766
56289,-0.83962,-0.0321919,-1.91683
56554,-1.00062,-1.24096,-2.14116
56633,-1.58266,-0.965238,-1.05492
56997,-0.234728,-1.69547,-1.45254
57198,-0.180187,-0.652401,-2.96199
57382,-1.5904,-0.678099,-3.93518
57585,-1.29307,-0.0929973,-2.63335
57643,-1.85019,0.386694,-2.46866
57863,-0.181449,-1.06428,-1.91929
58068,-0.180889,-0.942992,-0.969824
58272,-1.50761,0.00223523,-1.26839
58436,-1.61166,-1.30521,-1.16684
58728,-1.63145,-0.0184408,-1.53625
58955,-0.259294,0.328376,-0.58682
59055,0.266447,-0.0410468,-0.646685
59263,-1.24381,-0.799309,-0.836251
59502,-2.17294,-0.755284,-0.436523
59752,-2.1745,-1.4245,-0.874248
59819,-1.88937,-1.95476,-1.58994
60114,-0.668392,-0.511918,-0.156153
60326,-1.47584,-0.211109,-0.411867
60591,-0.953515,-0.696378,-0.0328819
60747,-0.314489,0.415294,-0.838047
60852,-0.702371,-0.214312,-1.78333
61175,-0.770005,-0.652514,-1.45213
61303,-0.928566,-0.731998,-0.00147374
61523,0.882586,-0.699178,0.387241
61680,0.979846,-0.184683,-0.274572
61865,0.771758,-1.54306,-1.51408
62128,-1.19143,-1.83325,-0.845161
62257,-0.571095,-1.88291,-1.31417
62483,-0.295507,-1.28277,-1.69073
62762,-0.627671,-1.96714,-1.34578
62917,0.01396,-0.936391,-0.595762
63132,-0.611939,-2.15289,-1.3872
63245,-0.909178,-1.38916,-1.97088
63541,-1.99622,-1.23143,-0.867245
63664,-1.41116,-1.17663,-1.32169
63885,-0.934171,-1.29771,-0.747718
64059,-0.67659,-1.208,-1.05086
64244,-1.0941,-0.280302,-1.89973
64430,-0.150536,-0.314248,-2.48237
64695,-2.19609,0.236156,-4.64667
64958,-3.33075,0.163402,-4.81907
65135,-0.518144,-0.544855,-4.5635
65398,-0.894876,-0.782086,-3.41573
65590,-0.823631,-0.764034,-3.64799
65698,-0.977771,-0.615218,-2.40841
65919,-1.02471,-0.898958,-1.23655
66186,-2.08748,-0.867738,-1.49807
66349,-2.62293,-1.98117,-0.55255
66452,-2.14805,-1.19289,-1.79897
66654,-0.574593,-1.2571,-0.845257
66910,0.144302,-1.00622,-1.20311
67088,-0.213484,-2.01665,-0.541805
67206,-0.724026,-1.57285,-1.84207
67410,-0.171628,-0.818901,-0.656727
67625,-0.147262,-0.580156,-0.778966
67843,-1.23512,-1.93879,-0.752568
68041,-0.633249,-1.86329,-0.166782
68277,-1.92601,-2.42249,-0.940856
68472,-2.16672,-1.48749,-0.938095
68783,-0.744984,0.181104,-1.75282
68998,-0.781548,-0.177551,-0.62941
69144,-0.128288,-0.155103,-1.60099
69333,-0.31695,-0.0969638,-1.67596
69414,0.0448482,-0.122965,-1.73188
69674,0.340873,-0.610066,-0.120838
69807,-0.394752,-0.476761,-0.798624
70035,-0.61948,0.375643,-0.336779
70371,-0.971916,-1.26399,-0.636188
70553,-1.2907,-1.29334,-1.61508
70729,-1.79529,-1.97004,-0.0665428
70979,-0.753571,-1.65777,1.36599
71007,-0.119988,-1.73641,-0.246902
71233,-0.953843,-1.69015,-0.774786
71543,-1.5468,0.259752,-0.687262
71609,-1.42207,0.349953,-0.976413
71825,-2.08446,-0.0695308,-1.95799
72134,-3.48544,-0.248497,-1.33299
72355,-3.95983,-0.988224,-1.26971
72485,-3.005,-1.01744,-1.56727
72701,-2.1737,-3.05832,-1.47896
72877,-1.20494,-2.52069,-1.51391
73154,-0.910584,-2.52455,-1.02934
73363,-0.765153,-2.93426,-1.70234
73477,-1.00212,-1.45066,-2.98144
73779,-1.63194,-0.847289,-0.54444
73981,-1.27734,-2.04663,0.433302
74181,-0.816454,-1.17912,-0.524752
74251,-1.86795,-1.30432,-0.676394
74523,-2.32746,-0.848222,-0.862613
74643,-1.28702,-0.830059,-1.82301
74925,-1.27876,-1.66011,-2.48406
75074,0.199232,-1.75522,-0.787775
75290,-0.911045,-1.85156,-1.44261
75517,-0.995179,-1.2832,-0.639551
75629,-1.34313,-1.36875,-1.6465
75879,-1.61568,-1.30149,-1.69605
76018,-2.16255,-1.55953,-0.794719
76331,-1.54609,-0.788247,-1.92625
76460,-0.736383,-0.6245,-1.49225
76669,-0.906239,0.855684,-2.09441
76865,-0.96832,1.49636,-1.40221
77131,-0.778248,0.0898194,-1.0225
77327,-1.57618,-0.0729883,-1.48513
77403,-0.87469,0.77168,-0.69111
77747,-0.469029,1.19802,-1.60632
77822,-1.76655,0.0203272,-1.64562
78105,-0.595884,-0.0492346,-0.850213
78295,-2.50028,-0.931848,-0.927449
78445,-2.1484,-2.15907,-1.40755
78676,-3.38072,-1.45881,-1.47265
78898,-2.30571,-2.97966,-0.641711
79200,-0.533465,-1.17934,-0.9806
79346,-1.16175,-0.949747,-0.622393
79485,-0.537131,-0.849648,-1.23381
79614,-0.64735,-0.322209,-0.971737
79822,-0.289303,-1.23767,-0.0722928
80025,-1.02396,-3.02229,-1.27084
80279,-0.961742,-1.48146,-2.17817
80487,-1.50073,-0.991521,-2.09249
80724,-2.95616,-0.941518,-1.20066
80896,-3.04647,-0.866463,0.100664
81187,-1.85874,-1.42193,0.478529
81215,-1.69585,-1.61863,-0.190337
81462,-0.824004,-2.06685,-2.62779
81616,-1.50142,-0.342352,-1.19572
81993,-0.886024,-0.184054,-0.709835
82042,-1.22669,0.0872384,0.696317
82256,-1.49392,0.714879,1.7018
82598,-2.01951,-1.37801,0.205711
82782,-1.93942,-0.433851,-0.920384
82935,-1.20987,-1.02523,-0.889842
83145,-3.27471,-1.28346,-0.16835
83307,-3.63057,-1.57768,0.736508
83435,-0.0930966,-0.68319,-0.668281
83793,-1.42341,-1.39008,-1.53354
83821,0.154475,-1.28195,0.480214
84159,-0.63607,-1.20236,-0.970104
84206,-0.738003,-1.48972,-1.79563
84512,-0.846774,-0.877683,-2.64524
84624,-2.54809,-1.93683,-2.15031
84936,-1.36098,-1.93887,-2.0091
85085,-2.04615,-0.704147,-1.66926
85319,-1.29244,-0.962054,-2.16066
85531,-1.22922,-0.558881,-0.998521
85632,-0.714497,-1.00193,-1.45797
85865,-0.267057,0.342023,-0.600564
86145,-1.70603,-0.762453,-1.80506
86400,-1.37799,0.962563,-1.64569
86474,-0.134343,0.6294,-0.189035
86707,-0.0480872,0.433884,-0.962379
86991,-0.547758,-0.0605251,-0.624375
87096,-0.170606,-0.675965,-0.4979
87247,-0.0212746,-0.829671,-0.802171
87507,-0.329043,-1.25834,1.00189
87725,-1.36182,-1.36358,1.80272
87934,-1.00061,-0.755368,1.94151
88052,-0.234554,-0.467347,2.3306
88361,-0.0961799,-0.417568,2.7695
88590,-0.679842,-0.176681,4.07863
88671,-0.646138,-0.694737,3.60521
88889,-0.135909,-1.87471,4.26392
89074,-0.335266,-1.56712,4.96875
89379,-0.564973,-2.62575,4.20331
89453,-0.0912939,-1.71412,4.83335
89732,-1.45797,-1.66945,4.80651
89891,-0.852556,-1.53086,3.23507
90169,-0.328804,-1.6888,2.83153
90334,-1.46641,-2.12257,0.389399
90545,-1.15611,-1.57096,-1.19905
90645,-1.11082,-0.9445,-1.28826
90879,-0.885613,-0.661579,-0.318461
91036,-1.45033,-0.711386,0.346516
91263,-1.57173,-1.83012,-0.601008
91512,-1.41129,-0.652223,-0.542904
91699,-2.12452,-0.837088,-1.6144
91830,-1.62021,-0.399155,-1.1958
92059,-1.90852,-1.22341,-0.719959
92331,-0.58351,-2.1588,-0.103002
92577,-1.06546,-1.44072,0.456815
92615,-0.890605,-1.71398,-0.522003
92882,-0.816066,-2.11669,-0.338096
93101,-1.42286,-3.14811,-0.735539
93238,-1.42738,-2.38999,-1.40892
93529,-0.0743193,-2.61869,-0.212809
93687,-0.785597,-1.50925,-0.533431
93982,-0.610752,-1.41522,-0.838084
94014,0.165062,-1.20127,-0.878963
94219,-0.288223,-2.33893,-1.47141
94493,-0.610927,-1.9539,-1.69669
94756,-1.65464,-2.18801,-0.793483
94827,-1.55415,-1.63681,-1.29033
95126,-0.700804,-1.37131,-1.07373
95224,-1.56678,-0.848613,-0.706081
95445,-1.9522,-0.0324079,-0.787693
95782,-1.50933,-1.04595,-0.543459
95924,-0.807199,-1.4085,0.498948
96164,-0.0633172,-1.60612,-1.32622
96278,0.812216,-1.26372,-1.38823
96587,2.14402,-1.23587,-0.86526
96728,1.46145,-0.467139,-1.35324
96839,0.757104,-0.92745,-0.708744
97056,-0.392199,-0.899948,-0.558163
97253,-0.223367,-0.0109299,-0.242667
97585,-0.888533,-2.44215,-0.673472
97656,-0.291014,-0.723186,-1.89159
97847,0.373605,-1.29787,-0.93107
98192,-0.915136,-1.80955,-0.242835
98329,-1.23652,-1.2083,-0.0442217
98469,-0.911018,-1.54969,-0.691648
98752,-0.278071,-0.799971,0.410254
98927,-2.36603,-0.23328,-0.0873957
99074,-1.49468,-0.077799,-0.361388
99350,-0.820848,-0.752733,-0.112923
99597,-0.814269,0.260231,-1.47655
99675,-1.22689,0.468396,-0.815994
99986,-0.781499,0.828711,-0.844139
100111,-0.963036,-0.0989222,-1.05625
100354,-1.41057,-0.892297,-0.96828
100413,-2.46798,-0.703359,-2.04265
100669,-1.70142,-3.62363,-1.71222
100969,-1.4606,-1.60106,-1.30209
101093,-1.68412,-1.81853,-1.10056
101285,-2.02573,-0.843464,-0.165095
101488,-1.21469,-0.202416,-0.0586935
101710,-0.301514,-0.787071,-1.96172
101951,1.24183,-0.288027,-0.814569
102088,-0.0542112,-1.33368,-0.263414
102356,-0.760843,-2.28363,-1.40368
102449,-1.58592,-3.02261,-0.55591
102752,-2.04014,-2.96975,-1.30087
102939,-0.816726,-1.84746,-1.42089
103111,-0.822993,-1.66409,-0.637687
103285,-2.3337,-2.96273,-0.557924
103569,-1.06627,-2.50614,-0.942958
103723,-0.704424,-2.23376,-0.0833514
103813,-0.814279,-2.44615,-0.696912
104035,-0.684892,-1.96903,-0.178308
104310,-0.733482,-1.33779,-0.594657
104403,-0.486696,-0.96032,-1.39323
104626,-0.897892,0.29108,-1.59784
104877,-2.41653,-1.03207,-0.761268
105183,-1.57332,-1.55863,-1.39916
105274,-2.07995,-1.49505,-2.11199
105519,-2.14605,-0.0749243,-0.7431
105675,-1.25547,-0.68587,-0.815503
105816,-0.00494793,-0.598915,-2.00573
106163,-0.722018,-0.700677,-0.379295
106286,-0.295295,-0.21127,-1.60159
106575,-0.962831,-0.298355,-0.685195
106722,-0.919254,-0.532795,-0.293479
106900,-0.961408,-0.998369,0.622812
107164,-0.190583,-1.01472,1.38046
107397,-0.0517596,-1.23703,0.722344
107568,-0.868067,-0.0915701,0.316868
107706,-0.931276,-0.672894,-0.39226
107805,-2.10372,-1.29194,-1.0328
108176,-0.893268,-2.07704,-0.112634
108396,-2.02209,-1.88131,-0.310855
108476,-1.07817,-1.07347,-0.238672
108683,-0.866996,-0.993882,-1.72465
108919,-1.59938,-1.16799,-0.027295
109023,-3.52613,-2.37102,-0.339846
109213,-3.70741,-0.0405993,-0.138882
109542,-2.6171,-0.62764,-1.02343
109688,-2.48495,-0.809676,-1.00007
109885,-3.91161,-0.845471,-0.334235
110065,-3.11149,-0.899105,-0.329393
110231,-2.12828,-0.0625716,-0.948195
110499,-3.04607,-1.29926,-0.967198
110798,-1.00056,-0.50401,-1.16906
110988,-1.67855,-0.813144,-3.05917
111143,-0.677235,-1.85242,-3.50155
111368,-1.596,-2.68859,-2.52056
111586,-0.313829,-2.83905,-2.20308
111770,-0.861073,-3.04346,-0.0345513
111938,-0.215328,-3.18961,-0.986479
112199,0.50634,-2.95632,-1.16065
112283,-0.923732,-3.07257,-1.65381
112555,-1.80418,-4.06952,-1.28924
112709,-1.40236,-4.02452,-2.09977
112824,-0.854392,-2.51174,-2.15042
113006,-0.592075,-2.37073,-0.944873
113368,-0.618116,-1.00544,-1.26896
113433,-1.00936,-1.26638,0.514655
113656,-1.17571,0.0248596,-1.34478
113896,-2.03472,-0.259526,-0.821636
114163,-1.98239,-0.921612,-0.189808
114359,-2.12743,-1.70677,-0.587478
114512,-2.65321,-1.32599,-1.54917
114643,-1.50685,-0.218447,-1.48878
114867,-0.490078,-0.27621,-1.92593
115144,-1.26608,-2.16397,-0.736105
115325,-1.54825,-0.663876,0.381856
115481,-1.58463,-1.55109,-0.00682749
115760,-0.966648,-1.42128,0.380292
115942,-0.954599,-0.170015,-0.4827
116141,-0.900763,-0.599329,-0.205698
116246,0.00617901,0.45487,0.242121
116482,-0.00304393,-0.592021,-0.576292
116752,-0.232737,-2.06321,-0.908942
116816,-0.743243,-0.768911,-1.39621
117199,-0.601105,-0.923532,-2.53101
117306,-0.350552,-0.235331,-1.7628
117563,-0.225849,0.82535,-1.51422
117694,0.0136016,-1.31299,-1.3033
117987,-0.743421,-1.32397,-1.0044
118103,-1.39499,-0.157637,-1.42302
118289,-0.554392,0.0620604,-2.07775
118404,-0.939579,-0.21979,-0.879477
118665,0.00534282,-0.288585,-1.42843
118814,-0.797882,-0.860141,-1.62469
119089,-1.86276,-0.894355,-0.0370124
119229,-0.807642,-1.32801,-0.787439
119466,-1.51555,-2.14862,-0.702005
119629,-0.621035,-1.58092,0.562419
119839,-0.889738,-1.39819,1.22631
120111,-1.39991,-0.291797,-0.160145
120273,-1.62862,-0.895798,-0.757493
120519,-0.17498,-0.751418,-0.56901
120774,-0.840313,-0.598993,0.875266
120966,-1.89971,-0.49376,0.0574265
121185,-2.85614,-0.620863,0.622201
121230,-1.28367,-0.50647,0.340149
121486,0.7866,-1.2351,-0.228919
121739,0.664663,-1.2135,-0.334376
121862,-0.367144,-1.33324,-2.58411
122105,-1.01604,-0.862427,-3.55556
122251,-0.16578,-0.725463,-2.02283
122543,-0.833745,-0.130789,-3.76315
122787,-0.115115,-0.808942,-2.98148
122882,-0.914996,-1.31972,-2.03657
123184,-0.723199,-1.87215,-1.44813
123288,-0.821909,-0.929711,-0.291735
123569,-0.945462,-0.750755,-1.26787
123601,-1.98096,-0.37336,-1.85314
123803,-1.4422,0.251255,-0.585406
124088,-2.64444,-0.280776,-1.16518
124230,-2.41572,-0.794118,-0.926998
124510,-1.55294,-0.664772,-1.93025
124650,-0.332079,-0.873894,-2.21245
124983,0.144534,-1.31579,-3.11522
125159,-0.678146,-2.44581,-3.11799
125306,-0.705913,-2.44279,-2.09715
125426,-1.38539,-1.0348,-3.01566
125757,-0.656184,-1.32516,-3.24463
125821,-1.82591,-1.5959,-2.23058
126025,-1.82196,-2.54367,-0.994563
126375,-0.664046,-0.486552,-1.18228
126519,-0.72268,-1.33454,-0.571784
126790,-1.27312,-0.0582366,-1.27257
126886,-0.975452,-1.96394,-1.24097
127110,-1.83754,-1.57305,-1.03062
127306,0.00931597,-0.391218,-0.0554597
127536,0.897785,-0.204615,-1.37907
127649,0.0950055,-0.0359293,-1.40663
127805,-0.665615,-0.15956,-0.701837
128042,-1.66868,-0.232036,-1.59739
128311,-2.10279,-0.12321,-0.856308
128408,-2.41147,0.676041,-1.44198
128681,-3.57012,-0.621757,-0.849611
128920,-2.99318,-1.71525,-1.99138
129084,-1.78787,0.359105,-1.30601
129359,-1.95697,-1.41508,-1.85726
129486,-0.247866,-1.42739,-2.55142
129781,-0.835538,-1.38872,-2.18973
129968,-1.53705,-1.41567,-0.00905284
130007,-2.02891,-0.896511,-0.257044
130389,-0.84627,-2.24064,-0.158567
130539,-0.0227435,-1.66542,-1.44372
130768,-0.862295,-0.587153,-0.0841111
130915,-1.86019,-0.91197,-0.237202
131196,-0.847555,-0.169852,-0.642647
131262,-0.0716178,0.938882,-0.127783
131439,-0.102553,-0.773523,-0.610528
131696,0.500099,-0.657596,-0.368188
131845,-1.88448,-0.101477,-0.689382
132106,-0.900822,-0.238742,-0.960897
132269,-0.821799,0.75843,0.337863
132469,-0.668156,-0.901587,-0.279139
132753,-0.750207,-0.48678,-1.17492
132810,-0.681373,-0.0338554,-1.99408
133008,-1.42636,0.857916,-1.711
133273,-1.28576,-0.246414,-1.3422
133416,-1.23822,-1.55143,-0.108516
133691,-1.30108,-0.887046,-0.802288
133801,-0.790412,-0.227759,-2.09226
134065,-1.37513,0.958712,-1.61603
134308,-0.998885,-0.659024,-1.52992
134600,-1.18069,-0.8214,-0.686856
134667,-1.19291,-0.830754,-0.638004
134836,-1.38342,-0.309798,-0.263313
135133,-1.91121,-1.24326,-0.716428
135381,-2.42983,-0.656989,-0.781585
135472,-1.60073,-1.3697,-1.13375
135664,-2.4732,-1.59065,-1.48751
135921,-1.53033,-0.314853,-1.47849
136189,-1.43677,-0.813826,-1.86971
136383,-0.969996,-0.311906,-3.00687
136436,-1.99405,-0.197826,-1.96514
136764,-0.180774,-1.04043,-1.89317
136879,-0.0189332,-0.351528,-1.34444
137073,-0.838394,-1.34255,-1.03284
137276,-0.658547,-1.88038,-1.34859
137442,-0.155088,-2.68486,-1.57942
137790,-0.85276,-2.39381,-0.668294
137953,0.0430079,-1.98143,-0.598836
138029,-0.997867,-1.85508,-1.68842
138399,-2.38132,-1.20838,-1.50627
138403,-1.05578,-0.877511,-1.62304
138762,-1.73935,-1.33424,-1.68032
138918,-2.13753,-0.533742,-1.55275
139115,-0.817383,-0.409253,-0.792188
139364,-2.01664,-0.467025,-1.30941
139504,-1.27491,-1.52249,-0.0182873
139730,-0.949813,-2.44447,-0.949401
139832,-2.41709,-2.34614,-1.39893
140003,-1.64866,-1.42281,-1.53523
140220,0.243134,-1.2356,-2.2213
140558,0.729104,-0.231248,-0.243978
140794,-1.01366,-0.322487,-0.96266
140967,-1.19542,-0.256628,0.780279
141198,-1.71526,-0.0100462,-0.147494
141219,-0.849169,0.882561,-0.869503
141426,-1.07018,-0.787424,-1.35828
141667,-0.710815,-2.23778,-1.66954
141814,-0.819195,-2.86574,-1.51264
142075,-0.879275,-1.42062,-2.05932
142336,-0.833507,-1.87499,-1.55567
142574,-2.10929,-0.823207,-1.39369
142630,-2.90562,-0.657615,-1.63
142892,-2.11707,0.223816,-2.45289
143026,-2.06485,0.744889,-1.85522
143375,0.0255595,-0.808405,-0.533435
143403,-0.591817,-0.206638,-3.00598
143773,-0.973434,-0.11507,-2.1051
143891,-1.26092,-0.650362,-1.83037
144012,-1.41196,-0.681299,-1.88314
144289,-1.01275,-2.06326,-1.28034
144534,-1.24162,-1.62163,-1.52652
144616,-2.16471,-1.23509,-2.13985
144960,-1.52879,-1.38155,-1.21089
145092,-1.48459,-0.816593,-0.621707
145343,-0.711413,0.0744382,-2.13157
145539,-0.874714,-0.186246,-1.09726
145638,-2.09637,-0.725786,-1.4574
145936,-2.65905,-0.667439,-2.03692
146005,-1.28187,-0.844239,-0.850855
146298,-1.01821,-0.765377,-1.28537
146482,-0.129123,-0.975794,-0.523171
146752,-0.998926,-1.44603,-3.11114
146856,-0.711372,-0.73209,-3.29984
147101,-0.111362,-0.372945,-1.25639
147386,-0.938073,-0.29619,-3.05017
147534,-0.901874,-0.0384198,-3.95723
147645,-0.830579,-1.39044,-2.22617
147959,-0.0149567,-1.34732,-1.41733
148031,-0.826402,-0.0178321,-0.567067
148256,-0.640024,0.0651226,-0.811503
148417,-0.940922,-1.43443,-0.618016
148791,-0.043597,-0.964012,-0.927435
148863,-0.655143,-0.746291,-2.54708
149175,-1.4908,-0.868983,-0.805065
149320,-1.48642,-0.740134,-0.812712
149540,-0.557764,-1.89184,-0.253243
149670,-0.196546,-1.02461,-1.92547
149953,0.344333,-2.08422,-2.44041
150153,0.0685092,-0.911667,-0.585249
150231,-0.639803,-0.643647,-1.2772
150412,-1.21496,-0.887794,-1.00318
150650,-1.69717,-0.727648,-0.912762
150855,-1.31626,-1.50088,-1.63221
151027,-3.01294,-1.5128,-0.980069
151218,-2.95592,-0.601407,-1.5946
151559,-1.91343,-0.48716,-1.22431
151682,-1.94731,-1.39507,-2.1594
151868,-2.22101,-2.15976,-1.49466
152067,-1.49779,-1.45507,-1.47548
152381,-1.58646,-1.23625,-0.403196
152511,0.651626,-1.05137,-0.750069
152700,-0.268077,-1.21723,-1.44626
152825,-1.58614,-1.5792,-1.13782
153077,-1.19724,-0.152011,-1.53485
153332,-1.3976,-0.730787,-2.98794
153404,-1.49681,-0.304938,-1.68091
153660,-1.47145,-0.696183,-2.17716
153899,-1.17052,0.319771,-2.1497
154075,-0.567645,1.16464,-1.61109
154264,-1.30717,-0.0989916,-1.62027
154591,-1.52453,-1.27365,-1.23057
154762,-1.42826,-1.46379,-0.284504
154801,-0.727362,-1.38878,-0.826344
155172,-1.94502,-1.66245,-1.9712
155323,-0.867656,-0.976303,-2.40307
155524,0.358194,-2.07073,-1.42495
155718,-0.854958,-1.94447,-1.18182
155909,-0.804811,-4.03033,-2.38256
156138,-1.49597,-2.54973,-2.57724
156217,-1.39113,-1.71449,-1.45051
156563,-2.1421,-1.6093,-0.817982
156701,-3.1645,-2.03306,-1.49123
156875,-1.18281,-1.44613,-0.245082
157008,-2.36672,-1.55359,-1.63046
157214,-2.18731,-0.830877,-1.70741
157421,-1.23748,-1.29537,-1.59483
157760,-1.41127,-1.30826,-0.378196
157922,-1.62941,-1.44369,0.810257
158123,-0.808342,-2.44444,0.383652
158256,-0.683739,-1.34809,-0.582775
158504,-0.33204,-2.59808,-1.27347
158787,-0.557896,-3.05038,-1.2649
158929,-1.63212,-0.62783,-2.05933
159073,-0.077501,-1.28935,-1.39245
159241,-0.296037,-0.617989,-2.92258
159498,0.0407128,-0.936864,-2.86224
159792,0.655098,0.282585,-2.85402
159964,0.506648,-0.811991,-1.37988
160117,0.751427,-0.342048,-1.36537
160240,1.2248,-0.372944,-2.19969
160532,1.1336,-0.784253,-2.61968
160646,0.876171,-1.44454,-1.62
160895,0.748941,-0.531984,-0.516907
161004,0.0426523,-1.23617,-0.120753
161352,-1.983,-0.931563,-0.0498531
161555,-1.82551,-0.143491,-0.605617
161749,0.303815,-1.33041,-0.818834
161912,-0.23452,0.743914,-2.42619
162071,-1.22093,-0.920752,-1.81125
162207,-2.52096,-1.37909,-1.50766
162516,-0.871492,-2.81886,-0.163381
162773,-0.161479,-3.13584,-0.740303
162878,-0.724134,-2.16607,-1.32804
163028,-2.10685,-1.42729,-0.939297
163386,-2.21452,-0.385053,-0.918305
163580,-2.91064,0.325177,-0.131514
163704,-0.716643,-0.39035,0.363735
163858,-1.4445,-0.531264,0.299736
164111,-1.51033,-0.664042,0.246827
164232,-0.631422,0.237431,-0.14209
164574,-0.974349,-0.195383,-0.870446
164747,-0.183365,0.332923,-0.599099
164892,-1.94509,-1.29325,-0.597118
165005,-1.37399,-0.613277,0.35874
165374,-1.39393,-0.116014,-0.0358631
165560,0.0257229,-0.242924,0.906434
165765,-1.21824,-1.26586,1.61286
165910,-2.03172,-1.43191,1.2437
166098,-1.21336,-0.748682,2.14652
166325,-2.45119,-0.745857,2.45513
166446,-0.112437,-0.732536,1.3414
166750,-0.0441578,0.165838,-0.878771
166913,-0.707922,0.479381,-1.56975
167094,-0.681005,-0.236986,-0.741307
167397,-2.03028,-1.16094,-0.538847
167552,-1.0257,-2.44504,-0.867314
167628,-0.990903,-1.62975,-0.794715
167905,-0.616622,-0.804043,-1.318
168102,-0.823982,0.435906,-1.54045
168319,-2.61969,-0.569423,-1.97499
168573,-2.01898,-1.347,-1.98705
168668,-1.66493,-1.07451,-2.00383
168982,-0.552289,-1.36926,0.202337
169161,-1.71707,-1.53517,-0.0899293
169394,-1.96501,-1.25043,-0.809499
169437,-0.658009,-2.14788,-1.69482
169707,-0.179163,-2.44232,-1.6769
169989,-0.761784,-3.22486,-1.46966
170031,-1.81532,-2.32989,-0.900992
170222,-0.261658,-2.58887,-1.483
170411,-2.04237,-1.56018,-1.00313
170777,-0.614684,-0.619919,-1.29781
170920,-2.34766,-1.41938,-0.298755
171139,-2.08364,-1.53984,-0.800299
171292,-0.907271,-1.43573,-2.2307
171480,-1.30122,-0.190348,-1.56682
171717,-0.822608,-0.995114,-2.71255
171884,-2.19735,-0.698698,-1.39878
172094,-0.71863,1.35299,-1.41302
172297,1.36859,4.65976,-0.914279
172533,0.641469,3.81615,-1.5071
172718,-1.02134,4.96648,0.444894
172841,-1.40624,4.70151,-0.40941
173075,-0.828693,4.64825,0.283546
173334,-0.0263785,4.23524,0.171775
173454,-0.164934,4.581,0.0521468
173700,-1.35835,4.71069,0.787998
173802,-0.832337,4.21854,-0.253528
174172,-1.15153,4.99223,-0.130336
174284,-0.164331,4.67598,0.715231
174565,-0.685451,4.29172,-1.30682
174682,0.0759792,4.87204,-3.51031
174905,-1.50257,4.82031,-2.66434
175051,-2.55053,4.88936,-1.4645
175310,-2.39202,4.74662,-0.364097
175579,-2.49779,4.71092,-0.256988
175661,-3.10105,3.87387,-0.752609
175913,-1.89651,2.28023,-1.25781
176007,-0.700612,0.870173,-0.870364
176218,-1.0538,-0.196806,-0.501149
176430,-1.0252,-0.861145,-0.305093
176714,-0.887062,0.191918,-0.0496008
176845,0.080294,0.0154321,-1.22128
177002,0.391723,0.0145669,-0.799578
177319,0.697283,-1.4352,-1.66052
177556,0.914541,-1.47597,-1.67539
177731,-0.810687,-1.36693,-0.517965
177963,0.400032,-1.05511,-1.24996
178107,-2.10727,-2.2413,-0.150518
178236,-2.86233,-2.47796,-0.810068
178479,-1.46415,-3.01197,-0.911263
178783,-1.97797,-2.27095,-0.288603
178967,-1.04554,-2.07658,-1.49098
179114,-1.28767,-1.24736,-1.55129
179392,-1.39602,0.378311,-0.858164
179529,-0.268064,1.23473,-2.81163
179655,-0.677183,-0.471995,-2.48655
179821,-2.11788,-1.10115,-2.45623
180128,-1.73809,-0.993185,-0.961791
180257,-1.96407,-0.361782,-2.18358
180595,-2.02913,-0.755854,-1.38978
180706,-1.37121,-0.149594,-1.55811
180875,-1.28533,-0.799313,-2.06222
181075,-1.42541,-0.193218,-1.45624
181225,-1.45514,-0.234336,-1.35422
181477,-0.048035,-0.103967,-0.403071
181725,-0.0234121,-0.157795,-1.49409
181888,-0.768353,-0.638406,-0.310881
182139,-1.97987,-1.43023,-1.96819
182356,-1.83158,-1.56435,-2.0856
182433,-2.96262,-1.84253,-1.45824
182718,-2.04527,-0.665178,-1.25371
182992,-1.50904,-0.0755147,-1.38887
183034,-0.927262,-0.145202,-2.16509
183379,-0.594989,0.0219389,-1.96161
183446,-0.306121,-0.56999,-1.92918
183703,-0.848432,-0.959393,-2.38601
183882,-0.747447,-0.755403,-2.32169
184186,-0.82821,-1.12688,-0.852143
184396,-0.764843,-0.704923,-0.0907946
184596,-0.98241,-0.753689,-1.16145
184703,-2.02904,-0.862586,-1.42264
184836,-0.640069,-0.300996,-2.14418
185152,-1.92245,0.8283,-0.822896
185302,-1.61544,0.356571,-0.554616
185580,-1.65469,-0.165705,-1.15213
185694,-0.986363,-0.502333,-1.33369
185886,-0.591129,-1.57323,-1.96007
186022,-1.98933,-0.891697,-1.45677
186315,-1.48039,-1.38537,-0.181269
186427,-1.88587,-0.92472,-1.52337
186608,-1.43787,-0.705358,-0.574736
186975,-0.976725,-0.909526,-1.25397
187136,-0.521937,-0.966864,-1.55238
187306,-0.666077,-0.894886,-1.25053
187522,-0.71775,-0.653237,-0.260097
187677,-0.599385,-0.736364,-1.16384
187946,-0.656599,-0.135408,-0.950717
188035,-0.156007,0.238249,-0.851775
188304,-0.914241,0.356809,-1.4827
188556,-1.18697,-0.482852,-0.961688
188654,-0.122285,-1.61232,-0.163581
188878,-0.919262,-1.05589,-0.128471
189039,-0.0580013,-0.702285,0.297614
189293,-0.994139,-1.34383,-0.733768
189401,-0.286866,0.0372544,-1.4643
189723,-0.804173,0.190989,-1.29112
189820,-0.629142,-0.0451413,-1.8225
190096,-0.950912,-0.940224,-1.2287
190237,-0.825086,-1.3902,-0.81623
190401,-0.614564,-0.846149,-1.15856
190615,-0.903758,-0.707481,-1.59985
190982,-1.25401,-0.729585,-1.90903
191177,-0.892207,-0.818113,-1.61116
191270,-0.152575,-0.237425,-1.60763
191453,-0.522838,-0.763505,-0.382563
191643,-0.938843,-1.44758,-0.947673
191901,-0.740674,-1.55233,-2.12206
192056,-0.226472,-0.2815,-4.26792
192309,-0.145894,-0.136796,-4.29728
192541,-1.42607,0.244015,-3.00519
192712,-0.821804,-2.00851,-2.41993
192806,-2.17656,-0.743071,-1.49219
193178,-0.287416,-1.082,-2.03457
193340,-0.743039,-1.30148,-2.07541
193469,-0.989102,-1.20359,-2.23334
193724,-2.96232,-1.99534,-2.27836
193918,-2.17397,-0.727449,-1.45482
194186,-0.437574,-0.242896,-1.34141
194377,-0.331466,-0.813324,-0.79308
194436,-0.687695,-0.887462,-0.220173
194646,-1.01918,-0.0927524,-0.60772
194920,-0.883279,-1.20997,-0.632482
195200,-1.01529,-1.45805,-1.0618
195381,-1.66429,-0.972298,-0.925905
195598,-0.892756,0.690769,-0.553691
195729,-0.342184,1.67877,-1.15083
195988,-0.818695,0.927639,-1.8609
196118,-0.233999,-0.1161,-1.57196
196294,-0.710756,-1.20028,-0.722886
196591,0.679358,-1.4291,-1.62091
196684,0.286102,-0.328877,-2.06984
196936,0.533408,-0.327172,-2.99803
197185,-0.154493,-0.760912,-3.05223
197349,-1.89098,-0.872279,-2.60838
197430,-1.03584,0.396924,-1.4878
197611,-0.214519,-0.457479,-1.78523
197957,-2.03313,-1.30545,-1.01605
198054,-0.560752,-1.19841,-0.736376
198241,-1.03507,-0.795276,-1.42814
198526,-0.0488051,-1.3193,-1.48322
198796,0.468156,-0.683816,-1.46552
198829,-0.561708,0.423947,-1.76266
199157,-0.939342,-0.172949,-0.881468
199257,0.0576891,-0.300961,-1.675
199596,-1.31048,0.85831,-1.28973
199635,-1.64413,1.96077,-1.30997
200000,-0.900054,1.85232,-2.481
